comment,blacklist_suggestions,story_coherence,readability,rating_time,warm_up,user_suggestions,story_edit,story_old,implicit_fact_check,context_realization,false_gender,false_mood,topic_met,matches_style_tone,spelling_and_grammar,info_consistency,matches_fandom,positive_comment,positive_example,negative_comment,negative_example,implicit_fc_comment,implicit_fc_example,positive_comment_topic,negative_comment_topic,story_id,listvalue,story_group,length,topk,temperature,likelihood_score,hash,version,amount_fallbacks,duration_generation,dur_score,user,date
Mit Überschrift&comma; die aus der Nennung des Sternzeichens besteht,-1,100,75,10:22,1,-1,-1,-1,-1,-1,-1,-1,100,100,80,100,-1,-1,-1,-1,-1,-1,-1,-1,-1,106507,2,,,,,,216,,,,,12806,2022-09-28 15:28:46
Innerhalb des längeren Textes wird handeln nur die letzten paar Zeilen von dem Thema.Es wird mehrfach die Sternenkonstellation Libar genannt&comma; obwohl das Thema „Pisces“ ist,-1,50,25,24:11,1,-1,-1,-1,-1,-1,-1,-1,25,50,90,25,-1,-1,-1,-1,-1,-1,-1,-1,-1,106306,1,,,,,,15,,,,,12806,2022-09-28 15:52:59
Größtenteils zu lange Sätze,-1,50,50,16:40,1,-1,-1,-1,-1,-1,-1,-1,100,75,90,75,-1,-1,-1,-1,-1,-1,-1,-1,-1,106337,1,,,,,,46,,,,,12806,2022-09-28 16:09:40
Der Ausdruck passt  „Otherwise“ hier nicht&comma; dadurch entsteht ein (kleiner) Bruch,-1,75,75,9:35,1,-1,-1,-1,-1,-1,-1,-1,100,100,100,100,-1,-1,-1,-1,-1,-1,-1,-1,-1,106455,2,,,,,,164,,,,,12806,2022-10-02 15:23:45
Wiederholung von:  retrograde in Virgo trines Pluto retrograde in Capricorn  etc.Inhalt wirkt etwas unzusammenhängend und nicht gut nachvollziehbar,-1,50,25,13:21,1,-1,-1,-1,-1,-1,-1,-1,75,50,90,50,-1,-1,-1,-1,-1,-1,-1,-1,-1,106307,1,,,,,,16,,,,,12806,2022-10-02 15:37:07
Text endet mit ;),-1,100,50,9:20,1,-1,-1,-1,-1,-1,-1,-1,100,75,100,100,-1,-1,-1,-1,-1,-1,-1,-1,-1,106373,3,,,,,,82,,,,,12806,2022-10-02 15:46:28
-1,-1,75,50,19:0,1,-1,-1,-1,-1,-1,-1,-1,75,75,100,100,-1,-1,-1,-1,-1,-1,-1,-1,-1,106295,1,,,,,,4,,,,,12806,2022-10-02 16:05:29
Etwas &quot;Endzeit-mäßig&quot;  und negativ von der Stimmung her,-1,75,25,9:12,0,-1,-1,-1,-1,-1,-1,-1,100,0,100,100,-1,-1,-1,-1,-1,-1,-1,-1,-1,106383,3,,,,,,92,,,,,12806,2022-10-02 16:14:42
Der Aussage entsprechend eine passende Wortwahl genutzt,-1,100,100,10:20,0,-1,-1,-1,-1,-1,-1,-1,100,100,100,100,-1,-1,-1,-1,-1,-1,-1,-1,-1,106472,2,,,,,,181,,,,,12806,2022-10-02 16:25:03
-1,-1,100,75,7:49,0,-1,-1,-1,-1,-1,-1,-1,100,100,100,100,-1,-1,-1,-1,-1,-1,-1,-1,-1,106449,2,,,,,,158,,,,,12806,2022-10-02 16:32:53
Sätze zu lang,-1,100,50,7:24,0,-1,-1,-1,-1,-1,-1,-1,75,75,100,100,-1,-1,-1,-1,-1,-1,-1,-1,-1,106364,1,,,,,,73,,,,,12806,2022-10-02 16:40:18
Gut formuliert;  der Aussage entsprechend eine passende Wortwahl genutzt. Aber die Sätze zu lang&comma; trotzdem flüssig zu lesen,-1,100,100,11:36,0,-1,-1,-1,-1,-1,-1,-1,100,100,100,100,-1,-1,-1,-1,-1,-1,-1,-1,-1,106429,3,,,,,,138,,,,,12806,2022-10-02 16:52:03
-1,-1,100,100,21:55,1,-1,-1,-1,-1,-1,-1,-1,100,100,100,100,-1,-1,-1,-1,-1,-1,-1,-1,-1,106432,3,,,,,,141,,,,,12805,2022-10-04 00:35:11
-1,-1,100,100,1:17,1,-1,-1,-1,-1,-1,-1,-1,100,100,100,100,-1,-1,-1,-1,-1,-1,-1,-1,-1,106474,2,,,,,,183,,,,,12805,2022-10-04 10:56:08
-1,-1,100,100,10:26,1,-1,-1,-1,-1,-1,-1,-1,100,100,100,100,-1,-1,-1,-1,-1,-1,-1,-1,-1,106315,1,,,,,,24,,,,,12805,2022-10-04 11:06:39
-1,-1,100,100,0:35,1,-1,-1,-1,-1,-1,-1,-1,100,100,100,100,-1,-1,-1,-1,-1,-1,-1,-1,-1,106462,2,,,,,,171,,,,,12805,2022-10-04 11:07:15
-1,-1,100,100,2:22,1,-1,-1,-1,-1,-1,-1,-1,100,100,100,100,-1,-1,-1,-1,-1,-1,-1,-1,-1,106398,3,,,,,,107,,,,,12805,2022-10-04 11:09:39
-1,-1,100,100,1:42,0,-1,-1,-1,-1,-1,-1,-1,100,100,100,100,-1,-1,-1,-1,-1,-1,-1,-1,-1,106356,1,,,,,,65,,,,,12805,2022-10-04 11:11:27
-1,-1,100,100,5:11,0,-1,-1,-1,-1,-1,-1,-1,100,100,100,100,-1,-1,-1,-1,-1,-1,-1,-1,-1,106383,3,,,,,,92,,,,,12805,2022-10-04 11:16:40
-1,-1,75,75,6:35,0,-1,-1,-1,-1,-1,-1,-1,100,100,90,75,-1,-1,-1,-1,-1,-1,-1,-1,-1,106296,1,,,,,,5,,,,,12805,2022-10-04 12:10:29
-1,-1,100,100,1:38,0,-1,-1,-1,-1,-1,-1,-1,100,100,100,100,-1,-1,-1,-1,-1,-1,-1,-1,-1,106469,2,,,,,,178,,,,,12805,2022-10-04 12:12:09
-1,-1,100,100,2:37,0,-1,-1,-1,-1,-1,-1,-1,100,100,100,100,-1,-1,-1,-1,-1,-1,-1,-1,-1,106434,3,,,,,,143,,,,,12805,2022-10-04 12:14:47
The horoscope covers two days of the week specifically&comma; but leaves other days unattended,-1,100,100,6:24,0,-1,-1,-1,-1,-1,-1,-1,75,100,100,75,-1,-1,-1,-1,-1,-1,-1,-1,-1,106342,1,,,,,,51,,,,,12805,2022-10-04 12:21:13
-1,-1,100,100,0:35,0,-1,-1,-1,-1,-1,-1,-1,100,100,100,100,-1,-1,-1,-1,-1,-1,-1,-1,-1,106496,2,,,,,,205,,,,,12805,2022-10-04 12:21:49
-1,-1,100,100,0:43,0,-1,-1,-1,-1,-1,-1,-1,100,100,100,100,-1,-1,-1,-1,-1,-1,-1,-1,-1,106442,2,,,,,,151,,,,,12805,2022-10-04 12:22:34
Mit Überschrift&comma; die aus der Nennung des Sternzeichens besteht.Sternzeichen im Text explizit genannt,-1,100,50,8:39,1,-1,-1,-1,-1,-1,-1,-1,75,75,100,100,-1,-1,-1,-1,-1,-1,-1,-1,-1,106367,3,,,,,,76,,,,,12806,2022-10-04 13:27:41
-1,-1,50,50,15:12,1,-1,-1,-1,-1,-1,-1,-1,100,75,80,100,-1,-1,-1,-1,-1,-1,-1,-1,-1,106339,1,,,,,,48,,,,,12806,2022-10-04 13:42:55
Der Text-Aussage entsprechend eine passende Wortwahl genutzt,-1,100,100,15:1,1,-1,-1,-1,-1,-1,-1,-1,100,100,100,100,-1,-1,-1,-1,-1,-1,-1,-1,-1,106487,2,,,,,,196,,,,,12806,2022-10-04 13:57:57
-1,-1,100,75,16:26,1,-1,-1,-1,-1,-1,-1,-1,100,50,100,100,-1,-1,-1,-1,-1,-1,-1,-1,-1,106421,3,,,,,,130,,,,,12806,2022-10-04 14:14:25
-1,-1,75,50,28:59,0,-1,-1,-1,-1,-1,-1,-1,75,75,100,100,-1,-1,-1,-1,-1,-1,-1,-1,-1,106342,1,,,,,,51,,,,,12806,2022-10-04 14:43:25
-1,-1,100,100,1:43,1,-1,-1,-1,-1,-1,-1,-1,100,100,100,100,-1,-1,-1,-1,-1,-1,-1,-1,-1,106418,3,,,,,,127,,,,,12805,2022-10-04 15:32:58
The second part is not explicitly about love,-1,75,100,11:21,1,-1,-1,-1,-1,-1,-1,-1,75,100,100,75,-1,-1,-1,-1,-1,-1,-1,-1,-1,106293,1,,,,,,2,,,,,12805,2022-10-04 15:44:20
-1,-1,100,100,1:33,1,-1,-1,-1,-1,-1,-1,-1,100,100,100,100,-1,-1,-1,-1,-1,-1,-1,-1,-1,106417,3,,,,,,126,,,,,12805,2022-10-04 15:45:55
-1,-1,100,100,2:35,1,-1,-1,-1,-1,-1,-1,-1,100,100,100,100,-1,-1,-1,-1,-1,-1,-1,-1,-1,106511,2,,,,,,220,,,,,12805,2022-10-04 15:48:32
-1,-1,100,100,3:14,0,-1,-1,-1,-1,-1,-1,-1,100,100,100,100,-1,-1,-1,-1,-1,-1,-1,-1,-1,106316,1,,,,,,25,,,,,12805,2022-10-04 15:51:48
-1,-1,100,100,3:34,0,-1,-1,-1,-1,-1,-1,-1,100,100,90,100,-1,-1,-1,-1,-1,-1,-1,-1,-1,106305,1,,,,,,14,,,,,12805,2022-10-04 15:55:23
-1,-1,100,100,0:37,0,-1,-1,-1,-1,-1,-1,-1,100,100,100,100,-1,-1,-1,-1,-1,-1,-1,-1,-1,106490,2,,,,,,199,,,,,12805,2022-10-04 15:56:01
-1,-1,100,100,0:50,0,-1,-1,-1,-1,-1,-1,-1,100,100,100,75,-1,-1,-1,-1,-1,-1,-1,-1,-1,106370,3,,,,,,79,,,,,12805,2022-10-04 15:56:52
-1,-1,100,100,2:6,1,-1,-1,-1,-1,-1,-1,-1,100,100,100,100,-1,-1,-1,-1,-1,-1,-1,-1,-1,106354,1,,,,,,63,,,,,12805,2022-10-04 18:40:11
-1,-1,75,100,4:26,1,-1,-1,-1,-1,-1,-1,-1,25,100,100,100,-1,-1,-1,-1,-1,-1,-1,-1,-1,106412,3,,,,,,121,,,,,12805,2022-10-04 18:44:38
-1,-1,100,100,1:3,1,-1,-1,-1,-1,-1,-1,-1,100,100,100,100,-1,-1,-1,-1,-1,-1,-1,-1,-1,106454,2,,,,,,163,,,,,12805,2022-10-04 18:45:43
-1,-1,100,100,2:22,1,-1,-1,-1,-1,-1,-1,-1,100,100,100,100,-1,-1,-1,-1,-1,-1,-1,-1,-1,106353,1,,,,,,62,,,,,12805,2022-10-04 18:48:07
-1,-1,100,100,1:57,0,-1,-1,-1,-1,-1,-1,-1,100,100,100,100,-1,-1,-1,-1,-1,-1,-1,-1,-1,106371,3,,,,,,80,,,,,12805,2022-10-04 18:50:05
-1,-1,100,100,1:3,0,-1,-1,-1,-1,-1,-1,-1,100,100,100,100,-1,-1,-1,-1,-1,-1,-1,-1,-1,106465,2,,,,,,174,,,,,12805,2022-10-04 18:51:10
-1,-1,100,100,0:30,0,-1,-1,-1,-1,-1,-1,-1,100,100,100,100,-1,-1,-1,-1,-1,-1,-1,-1,-1,106495,2,,,,,,204,,,,,12805,2022-10-04 18:51:41
-1,-1,100,100,1:45,0,-1,-1,-1,-1,-1,-1,-1,100,100,100,100,-1,-1,-1,-1,-1,-1,-1,-1,-1,106364,1,,,,,,73,,,,,12805,2022-10-04 18:53:27
-1,-1,100,100,0:47,0,-1,-1,-1,-1,-1,-1,-1,100,100,100,100,-1,-1,-1,-1,-1,-1,-1,-1,-1,106407,3,,,,,,116,,,,,12805,2022-10-04 18:54:15
-1,-1,100,75,9:56,1,-1,-1,-1,-1,-1,-1,-1,100,75,90,100,-1,-1,-1,-1,-1,-1,-1,-1,-1,106510,2,,,,,,219,,,,,12806,2022-10-05 12:40:37
-1,-1,100,100,6:34,1,-1,-1,-1,-1,-1,-1,-1,100,100,100,100,-1,-1,-1,-1,-1,-1,-1,-1,-1,106486,2,,,,,,195,,,,,12806,2022-10-05 12:47:12
Text wirkt etwas  unzusammenhängend  und eher aufzählend,-1,75,50,11:56,1,-1,-1,-1,-1,-1,-1,-1,100,50,100,100,-1,-1,-1,-1,-1,-1,-1,-1,-1,106398,3,,,,,,107,,,,,12806,2022-10-05 12:59:10
Text wirkt etwas unzusammenhängend.Es werden eigentlich fast nur Sonntag und Montag thematisiert.Durch Verweise auf andere Sternenkonstellationen  unübersichtlich,-1,50,50,17:15,1,-1,-1,-1,-1,-1,-1,-1,75,75,80,50,-1,-1,-1,-1,-1,-1,-1,-1,-1,106338,1,,,,,,47,,,,,12806,2022-10-05 13:16:26
Thema des Textes wäre Freizeit,-1,100,75,10:30,0,-1,-1,-1,-1,-1,-1,-1,0,100,100,100,-1,-1,-1,-1,-1,-1,-1,-1,-1,106377,3,,,,,,86,,,,,12806,2022-10-05 13:26:58
Der Text-Aussage entsprechend eine passende Wortwahl genutzt,-1,100,100,10:30,0,-1,-1,-1,-1,-1,-1,-1,100,75,100,100,-1,-1,-1,-1,-1,-1,-1,-1,-1,106482,2,,,,,,191,,,,,12806,2022-10-05 13:37:29
-1,-1,100,100,1:22,1,-1,-1,-1,-1,-1,-1,-1,100,100,100,100,-1,-1,-1,-1,-1,-1,-1,-1,-1,106451,2,,,,,,160,,,,,12807,2022-10-06 11:36:44
-1,-1,75,75,11:20,1,-1,-1,-1,-1,-1,-1,-1,100,100,100,100,-1,-1,-1,-1,-1,-1,-1,-1,-1,106342,1,,,,,,51,,,,,12807,2022-10-06 11:48:07
-1,-1,100,75,16:34,1,-1,-1,-1,-1,-1,-1,-1,100,100,100,100,-1,-1,-1,-1,-1,-1,-1,-1,-1,106383,3,,,,,,92,,,,,12807,2022-10-06 12:04:43
-1,-1,100,75,7:6,1,-1,-1,-1,-1,-1,-1,-1,75,100,100,100,-1,-1,-1,-1,-1,-1,-1,-1,-1,106374,3,,,,,,83,,,,,12807,2022-10-06 12:11:51
-1,-1,75,75,10:19,0,-1,-1,-1,-1,-1,-1,-1,75,100,100,100,-1,-1,-1,-1,-1,-1,-1,-1,-1,106312,1,,,,,,21,,,,,12807,2022-10-06 12:22:12
-1,-1,100,100,10:55,0,-1,-1,-1,-1,-1,-1,-1,100,100,100,100,-1,-1,-1,-1,-1,-1,-1,-1,-1,106482,2,,,,,,191,,,,,12807,2022-10-06 12:33:09
-1,-1,75,50,8:39,0,-1,-1,-1,-1,-1,-1,-1,25,100,100,100,-1,-1,-1,-1,-1,-1,-1,-1,-1,106302,1,,,,,,11,,,,,12807,2022-10-06 12:41:51
-1,-1,100,100,2:45,0,-1,-1,-1,-1,-1,-1,-1,100,100,100,100,-1,-1,-1,-1,-1,-1,-1,-1,-1,106474,2,,,,,,183,,,,,12807,2022-10-06 12:44:38
-1,-1,100,100,16:29,0,-1,-1,-1,-1,-1,-1,-1,25,100,100,100,-1,-1,-1,-1,-1,-1,-1,-1,-1,106380,3,,,,,,89,,,,,12807,2022-10-06 13:01:09
-1,-1,100,100,11:46,0,-1,-1,-1,-1,-1,-1,-1,75,100,100,100,-1,-1,-1,-1,-1,-1,-1,-1,-1,106411,3,,,,,,120,,,,,12807,2022-10-06 13:12:57
-1,-1,100,100,13:39,0,-1,-1,-1,-1,-1,-1,-1,100,100,100,100,-1,-1,-1,-1,-1,-1,-1,-1,-1,106506,2,,,,,,215,,,,,12807,2022-10-06 13:26:39
-1,-1,75,75,18:0,0,-1,-1,-1,-1,-1,-1,-1,100,100,100,100,-1,-1,-1,-1,-1,-1,-1,-1,-1,106324,1,,,,,,33,,,,,12807,2022-10-06 13:44:40
-1,-1,75,75,10:39,0,-1,-1,-1,-1,-1,-1,-1,75,100,100,100,-1,-1,-1,-1,-1,-1,-1,-1,-1,106320,1,,,,,,29,,,,,12807,2022-10-06 13:55:21
-1,-1,100,100,6:56,0,-1,-1,-1,-1,-1,-1,-1,100,100,100,100,-1,-1,-1,-1,-1,-1,-1,-1,-1,106477,2,,,,,,186,,,,,12807,2022-10-06 14:02:20
-1,-1,100,100,12:13,0,-1,-1,-1,-1,-1,-1,-1,100,100,100,100,-1,-1,-1,-1,-1,-1,-1,-1,-1,106441,3,,,,,,150,,,,,12807,2022-10-06 14:14:35
-1,-1,100,75,15:56,0,-1,-1,-1,-1,-1,-1,-1,100,100,100,100,-1,-1,-1,-1,-1,-1,-1,-1,-1,106352,1,,,,,,61,,,,,12807,2022-10-06 14:30:33
-1,-1,100,100,9:56,0,-1,-1,-1,-1,-1,-1,-1,100,100,100,100,-1,-1,-1,-1,-1,-1,-1,-1,-1,106486,2,,,,,,195,,,,,12807,2022-10-06 14:40:31
-1,-1,100,100,8:26,0,-1,-1,-1,-1,-1,-1,-1,100,100,100,100,-1,-1,-1,-1,-1,-1,-1,-1,-1,106434,3,,,,,,143,,,,,12807,2022-10-06 14:48:59
-1,-1,100,100,0:35,1,-1,-1,-1,-1,-1,-1,-1,100,100,90,100,-1,-1,-1,-1,-1,-1,-1,-1,-1,106507,2,,,,,,216,,,,,12807,2022-10-06 14:55:57
-1,-1,75,100,14:31,1,-1,-1,-1,-1,-1,-1,-1,25,100,100,100,-1,-1,-1,-1,-1,-1,-1,-1,-1,106377,3,,,,,,86,,,,,12807,2022-10-06 15:10:30
-1,-1,75,75,6:52,1,-1,-1,-1,-1,-1,-1,-1,50,100,100,100,-1,-1,-1,-1,-1,-1,-1,-1,-1,106326,1,,,,,,35,,,,,12807,2022-10-06 15:26:27
-1,-1,75,100,14:46,1,-1,-1,-1,-1,-1,-1,-1,100,100,100,100,-1,-1,-1,-1,-1,-1,-1,-1,-1,106395,3,,,,,,104,,,,,12807,2022-10-06 15:41:15
-1,-1,100,100,5:45,0,-1,-1,-1,-1,-1,-1,-1,100,100,100,100,-1,-1,-1,-1,-1,-1,-1,-1,-1,106502,2,,,,,,211,,,,,12807,2022-10-06 15:47:02
-1,-1,100,100,9:47,0,-1,-1,-1,-1,-1,-1,-1,100,100,100,100,-1,-1,-1,-1,-1,-1,-1,-1,-1,106294,1,,,,,,3,,,,,12807,2022-10-06 15:56:51
-1,-1,100,100,5:57,0,-1,-1,-1,-1,-1,-1,-1,100,100,100,100,-1,-1,-1,-1,-1,-1,-1,-1,-1,106449,2,,,,,,158,,,,,12807,2022-10-06 16:02:50
-1,-1,100,75,7:50,0,-1,-1,-1,-1,-1,-1,-1,100,100,100,100,-1,-1,-1,-1,-1,-1,-1,-1,-1,106315,1,,,,,,24,,,,,12807,2022-10-06 16:10:43
-1,-1,100,100,12:8,0,-1,-1,-1,-1,-1,-1,-1,100,100,100,100,-1,-1,-1,-1,-1,-1,-1,-1,-1,106427,3,,,,,,136,,,,,12807,2022-10-06 16:22:53
-1,-1,100,75,7:44,0,-1,-1,-1,-1,-1,-1,-1,75,100,100,100,-1,-1,-1,-1,-1,-1,-1,-1,-1,106319,1,,,,,,28,,,,,12807,2022-10-06 16:30:39
-1,-1,75,100,9:1,0,-1,-1,-1,-1,-1,-1,-1,100,100,100,100,-1,-1,-1,-1,-1,-1,-1,-1,-1,106402,3,,,,,,111,,,,,12807,2022-10-06 16:39:42
-1,-1,100,100,4:11,0,-1,-1,-1,-1,-1,-1,-1,100,100,100,100,-1,-1,-1,-1,-1,-1,-1,-1,-1,106505,2,,,,,,214,,,,,12807,2022-10-06 16:43:55
-1,-1,75,75,18:12,0,-1,-1,-1,-1,-1,-1,-1,100,100,100,100,-1,-1,-1,-1,-1,-1,-1,-1,-1,106307,1,,,,,,16,,,,,12807,2022-10-06 17:02:09
-1,-1,100,100,1:26,1,-1,-1,-1,-1,-1,-1,-1,100,100,100,100,-1,-1,-1,-1,-1,-1,-1,-1,-1,106457,2,,,,,,166,,,,,12805,2022-10-06 17:12:10
According to Input&comma; the text should be addressed to Scorpios&comma; but the text contains separate messages for Aries&comma; Taurus and Gemini instead,-1,0,100,10:50,0,-1,-1,-1,-1,-1,-1,-1,0,100,100,0,-1,-1,-1,-1,-1,-1,-1,-1,-1,106428,3,,,,,,137,,,,,12807,2022-10-06 17:13:01
-1,-1,100,100,1:42,1,-1,-1,-1,-1,-1,-1,-1,100,100,100,100,-1,-1,-1,-1,-1,-1,-1,-1,-1,106336,1,,,,,,45,,,,,12805,2022-10-06 17:13:54
-1,-1,100,100,3:11,1,-1,-1,-1,-1,-1,-1,-1,100,100,100,100,-1,-1,-1,-1,-1,-1,-1,-1,-1,106405,3,,,,,,114,,,,,12805,2022-10-06 17:17:06
-1,-1,100,100,8:19,0,-1,-1,-1,-1,-1,-1,-1,100,100,100,100,-1,-1,-1,-1,-1,-1,-1,-1,-1,106497,2,,,,,,206,,,,,12807,2022-10-06 17:21:23
The horoscope writes on the topic without addressing the zodiac sign,-1,100,100,5:14,1,-1,-1,-1,-1,-1,-1,-1,75,100,100,100,-1,-1,-1,-1,-1,-1,-1,-1,-1,106366,1,,,,,,75,,,,,12805,2022-10-06 17:22:22
-1,-1,100,100,1:3,0,-1,-1,-1,-1,-1,-1,-1,100,100,100,100,-1,-1,-1,-1,-1,-1,-1,-1,-1,106512,2,,,,,,221,,,,,12805,2022-10-06 17:23:27
The zodiac sign is not addressed and the theme is only partly covered,-1,100,100,2:43,0,-1,-1,-1,-1,-1,-1,-1,50,100,100,100,-1,-1,-1,-1,-1,-1,-1,-1,-1,106402,3,,,,,,111,,,,,12805,2022-10-06 17:26:11
-1,-1,100,100,0:54,0,-1,-1,-1,-1,-1,-1,-1,100,100,100,100,-1,-1,-1,-1,-1,-1,-1,-1,-1,106508,2,,,,,,217,,,,,12805,2022-10-06 17:27:14
-1,-1,100,100,3:13,0,-1,-1,-1,-1,-1,-1,-1,100,100,100,100,-1,-1,-1,-1,-1,-1,-1,-1,-1,106391,3,,,,,,100,,,,,12805,2022-10-06 17:30:28
-1,-1,100,100,1:22,0,-1,-1,-1,-1,-1,-1,-1,75,100,100,100,-1,-1,-1,-1,-1,-1,-1,-1,-1,106358,1,,,,,,67,,,,,12805,2022-10-06 17:31:52
-1,-1,100,100,1:8,0,-1,-1,-1,-1,-1,-1,-1,100,100,100,100,-1,-1,-1,-1,-1,-1,-1,-1,-1,106482,2,,,,,,191,,,,,12805,2022-10-06 17:33:01
-1,-1,100,75,14:3,0,-1,-1,-1,-1,-1,-1,-1,100,100,100,100,-1,-1,-1,-1,-1,-1,-1,-1,-1,106365,1,,,,,,74,,,,,12807,2022-10-06 17:35:28
The horoscope does not address the theme (work),-1,100,100,3:10,0,-1,-1,-1,-1,-1,-1,-1,50,100,100,100,-1,-1,-1,-1,-1,-1,-1,-1,-1,106378,3,,,,,,87,,,,,12805,2022-10-06 17:36:12
-1,-1,100,-1,2:0,0,-1,-1,-1,-1,-1,-1,-1,75,100,100,100,-1,-1,-1,-1,-1,-1,-1,-1,-1,106363,1,,,,,,72,,,,,12805,2022-10-06 17:38:13
-1,-1,75,100,2:4,0,-1,-1,-1,-1,-1,-1,-1,50,100,100,100,-1,-1,-1,-1,-1,-1,-1,-1,-1,106329,1,,,,,,38,,,,,12805,2022-10-06 17:40:19
-1,-1,100,100,2:29,0,-1,-1,-1,-1,-1,-1,-1,75,100,100,100,-1,-1,-1,-1,-1,-1,-1,-1,-1,106420,3,,,,,,129,,,,,12805,2022-10-06 17:42:50
-1,-1,100,100,1:7,0,-1,-1,-1,-1,-1,-1,-1,100,100,100,100,-1,-1,-1,-1,-1,-1,-1,-1,-1,106483,2,,,,,,192,,,,,12805,2022-10-06 17:43:58
-1,-1,100,100,0:32,0,-1,-1,-1,-1,-1,-1,-1,100,100,100,100,-1,-1,-1,-1,-1,-1,-1,-1,-1,106451,2,,,,,,160,,,,,12805,2022-10-06 17:44:31
-1,-1,100,100,1:20,0,-1,-1,-1,-1,-1,-1,-1,75,100,100,100,-1,-1,-1,-1,-1,-1,-1,-1,-1,106379,3,,,,,,88,,,,,12805,2022-10-06 17:45:53
-1,-1,100,100,10:27,0,-1,-1,-1,-1,-1,-1,-1,100,100,100,100,-1,-1,-1,-1,-1,-1,-1,-1,-1,106513,2,,,,,,222,,,,,12807,2022-10-06 17:45:57
-1,-1,100,100,2:47,0,-1,-1,-1,-1,-1,-1,-1,75,100,100,100,-1,-1,-1,-1,-1,-1,-1,-1,-1,106306,1,,,,,,15,,,,,12805,2022-10-06 17:48:41
-1,-1,100,100,1:33,0,-1,-1,-1,-1,-1,-1,-1,100,100,100,100,-1,-1,-1,-1,-1,-1,-1,-1,-1,106440,3,,,,,,149,,,,,12805,2022-10-06 17:50:15
-1,-1,100,100,0:46,0,-1,-1,-1,-1,-1,-1,-1,100,100,100,100,-1,-1,-1,-1,-1,-1,-1,-1,-1,106499,2,,,,,,208,,,,,12805,2022-10-06 17:51:03
-1,-1,100,100,2:6,0,-1,-1,-1,-1,-1,-1,-1,100,100,90,100,-1,-1,-1,-1,-1,-1,-1,-1,-1,106322,1,,,,,,31,,,,,12805,2022-10-06 17:53:15
-1,-1,75,100,9:50,0,-1,-1,-1,-1,-1,-1,-1,100,100,100,100,-1,-1,-1,-1,-1,-1,-1,-1,-1,106437,3,,,,,,146,,,,,12807,2022-10-06 17:55:49
-1,-1,100,100,3:35,0,-1,-1,-1,-1,-1,-1,-1,100,100,100,100,-1,-1,-1,-1,-1,-1,-1,-1,-1,106312,1,,,,,,21,,,,,12805,2022-10-06 17:57:06
-1,-1,100,100,0:49,0,-1,-1,-1,-1,-1,-1,-1,100,100,90,100,-1,-1,-1,-1,-1,-1,-1,-1,-1,106433,3,,,,,,142,,,,,12805,2022-10-06 17:57:56
-1,-1,100,100,1:1,0,-1,-1,-1,-1,-1,-1,-1,100,100,100,100,-1,-1,-1,-1,-1,-1,-1,-1,-1,106461,2,,,,,,170,,,,,12805,2022-10-06 17:58:59
The zodiac sign is not mentioned in the horoscope,-1,100,100,1:22,0,-1,-1,-1,-1,-1,-1,-1,75,100,100,100,-1,-1,-1,-1,-1,-1,-1,-1,-1,106424,3,,,,,,133,,,,,12805,2022-10-06 18:00:23
-1,-1,100,100,0:33,0,-1,-1,-1,-1,-1,-1,-1,100,100,100,100,-1,-1,-1,-1,-1,-1,-1,-1,-1,106479,2,,,,,,188,,,,,12805,2022-10-06 18:01:02
-1,-1,100,100,1:31,0,-1,-1,-1,-1,-1,-1,-1,75,100,100,100,-1,-1,-1,-1,-1,-1,-1,-1,-1,106328,1,,,,,,37,,,,,12805,2022-10-06 18:02:34
The zodiac sign and the theme are not clearly addressed,-1,100,100,2:32,0,-1,-1,-1,-1,-1,-1,-1,50,100,100,100,-1,-1,-1,-1,-1,-1,-1,-1,-1,106333,1,,,,,,42,,,,,12805,2022-10-06 18:05:07
-1,-1,100,100,1:5,0,-1,-1,-1,-1,-1,-1,-1,75,100,100,100,-1,-1,-1,-1,-1,-1,-1,-1,-1,106375,3,,,,,,84,,,,,12805,2022-10-06 18:06:14
-1,-1,100,100,0:43,0,-1,-1,-1,-1,-1,-1,-1,100,100,90,100,-1,-1,-1,-1,-1,-1,-1,-1,-1,106507,2,,,,,,216,,,,,12805,2022-10-06 18:06:59
-1,-1,100,75,6:10,1,-1,-1,-1,-1,-1,-1,-1,100,100,100,100,-1,-1,-1,-1,-1,-1,-1,-1,-1,106314,1,,,,,,23,,,,,12807,2022-10-06 18:36:46
-1,-1,100,100,8:22,1,-1,-1,-1,-1,-1,-1,-1,100,100,100,100,-1,-1,-1,-1,-1,-1,-1,-1,-1,106453,2,,,,,,162,,,,,12807,2022-10-06 18:45:10
-1,-1,100,100,3:36,1,-1,-1,-1,-1,-1,-1,-1,75,100,100,100,-1,-1,-1,-1,-1,-1,-1,-1,-1,106369,3,,,,,,78,,,,,12807,2022-10-06 18:48:48
-1,-1,100,100,9:49,1,-1,-1,-1,-1,-1,-1,-1,25,100,100,100,-1,-1,-1,-1,-1,-1,-1,-1,-1,106376,3,,,,,,85,,,,,12807,2022-10-06 18:58:39
-1,-1,100,100,1:3,0,-1,-1,-1,-1,-1,-1,-1,100,100,100,100,-1,-1,-1,-1,-1,-1,-1,-1,-1,106475,2,,,,,,184,,,,,12805,2022-10-06 19:01:52
-1,-1,100,100,2:58,0,-1,-1,-1,-1,-1,-1,-1,75,100,80,100,-1,-1,-1,-1,-1,-1,-1,-1,-1,106438,3,,,,,,147,,,,,12805,2022-10-06 19:04:52
-1,-1,100,100,4:19,0,-1,-1,-1,-1,-1,-1,-1,100,100,100,100,-1,-1,-1,-1,-1,-1,-1,-1,-1,106350,1,,,,,,59,,,,,12805,2022-10-06 19:09:12
Only the last part of the horoscope deals with the theme,-1,100,100,1:35,0,-1,-1,-1,-1,-1,-1,-1,100,100,100,100,-1,-1,-1,-1,-1,-1,-1,-1,-1,106408,3,,,,,,117,,,,,12805,2022-10-06 19:10:49
-1,-1,100,100,14:6,0,-1,-1,-1,-1,-1,-1,-1,100,100,100,100,-1,-1,-1,-1,-1,-1,-1,-1,-1,106509,2,,,,,,218,,,,,12807,2022-10-06 19:12:48
-1,-1,100,100,3:44,0,-1,-1,-1,-1,-1,-1,-1,100,100,100,100,-1,-1,-1,-1,-1,-1,-1,-1,-1,106351,1,,,,,,60,,,,,12805,2022-10-06 19:14:35
-1,-1,100,100,1:12,0,-1,-1,-1,-1,-1,-1,-1,100,100,100,100,-1,-1,-1,-1,-1,-1,-1,-1,-1,106476,2,,,,,,185,,,,,12805,2022-10-06 19:15:48
-1,-1,100,100,1:44,0,-1,-1,-1,-1,-1,-1,-1,100,100,100,100,-1,-1,-1,-1,-1,-1,-1,-1,-1,106497,2,,,,,,206,,,,,12805,2022-10-06 19:17:33
-1,-1,100,100,1:17,0,-1,-1,-1,-1,-1,-1,-1,100,100,100,100,-1,-1,-1,-1,-1,-1,-1,-1,-1,106401,3,,,,,,110,,,,,12805,2022-10-06 19:18:52
-1,-1,100,100,2:17,0,-1,-1,-1,-1,-1,-1,-1,75,100,100,100,-1,-1,-1,-1,-1,-1,-1,-1,-1,106341,1,,,,,,50,,,,,12805,2022-10-06 19:21:11
-1,-1,100,100,8:35,0,-1,-1,-1,-1,-1,-1,-1,100,100,100,100,-1,-1,-1,-1,-1,-1,-1,-1,-1,106341,1,,,,,,50,,,,,12807,2022-10-06 19:21:25
-1,-1,100,100,4:15,0,-1,-1,-1,-1,-1,-1,-1,25,100,100,100,-1,-1,-1,-1,-1,-1,-1,-1,-1,106331,1,,,,,,40,,,,,12805,2022-10-06 19:25:27
-1,-1,100,100,10:44,0,-1,-1,-1,-1,-1,-1,-1,100,100,100,100,-1,-1,-1,-1,-1,-1,-1,-1,-1,106463,2,,,,,,172,,,,,12807,2022-10-06 19:32:11
-1,-1,100,100,7:15,0,-1,-1,-1,-1,-1,-1,-1,100,100,100,100,-1,-1,-1,-1,-1,-1,-1,-1,-1,106382,3,,,,,,91,,,,,12805,2022-10-06 19:32:43
-1,-1,100,100,1:42,0,-1,-1,-1,-1,-1,-1,-1,100,100,100,100,-1,-1,-1,-1,-1,-1,-1,-1,-1,106513,2,,,,,,222,,,,,12805,2022-10-06 19:34:26
-1,-1,100,100,0:37,0,-1,-1,-1,-1,-1,-1,-1,100,100,100,100,-1,-1,-1,-1,-1,-1,-1,-1,-1,106498,2,,,,,,207,,,,,12805,2022-10-06 19:35:05
-1,-1,100,100,8:49,0,-1,-1,-1,-1,-1,-1,-1,100,100,100,100,-1,-1,-1,-1,-1,-1,-1,-1,-1,106405,3,,,,,,114,,,,,12807,2022-10-06 19:41:02
-1,-1,100,100,16:12,0,-1,-1,-1,-1,-1,-1,-1,75,100,100,100,-1,-1,-1,-1,-1,-1,-1,-1,-1,106298,1,,,,,,7,,,,,12807,2022-10-06 19:57:16
Only one paragraph (out of three) deals with the theme,-1,100,100,3:21,0,-1,-1,-1,-1,-1,-1,-1,75,100,100,100,-1,-1,-1,-1,-1,-1,-1,-1,-1,106299,1,,,,,,8,,,,,12805,2022-10-06 20:05:13
-1,-1,100,100,0:57,0,-1,-1,-1,-1,-1,-1,-1,75,100,100,100,-1,-1,-1,-1,-1,-1,-1,-1,-1,106414,3,,,,,,123,,,,,12805,2022-10-06 20:06:11
-1,-1,100,100,2:44,0,-1,-1,-1,-1,-1,-1,-1,25,100,100,100,-1,-1,-1,-1,-1,-1,-1,-1,-1,106377,3,,,,,,86,,,,,12805,2022-10-06 20:08:57
-1,-1,100,100,0:34,0,-1,-1,-1,-1,-1,-1,-1,100,75,100,100,-1,-1,-1,-1,-1,-1,-1,-1,-1,106488,2,,,,,,197,,,,,12805,2022-10-06 20:09:32
-1,-1,100,75,4:37,0,-1,-1,-1,-1,-1,-1,-1,100,100,100,100,-1,-1,-1,-1,-1,-1,-1,-1,-1,106357,1,,,,,,66,,,,,12807,2022-10-06 20:10:31
-1,-1,100,100,1:44,0,-1,-1,-1,-1,-1,-1,-1,0,100,100,100,-1,-1,-1,-1,-1,-1,-1,-1,-1,106323,1,,,,,,32,,,,,12805,2022-10-06 20:11:25
-1,-1,100,100,0:34,0,-1,-1,-1,-1,-1,-1,-1,100,100,100,100,-1,-1,-1,-1,-1,-1,-1,-1,-1,106450,2,,,,,,159,,,,,12805,2022-10-06 20:12:03
Unrealistic predictions made: &quot;You&#039;ll meet a lot of people... hundreds of them will have an opinion about your worth&quot,-1,100,100,2:53,0,-1,-1,-1,-1,-1,-1,-1,100,100,100,100,-1,-1,-1,-1,-1,-1,-1,-1,-1,106423,3,,,,,,132,,,,,12805,2022-10-06 20:14:58
-1,-1,100,100,1:51,0,-1,-1,-1,-1,-1,-1,-1,25,100,100,100,-1,-1,-1,-1,-1,-1,-1,-1,-1,106335,1,,,,,,44,,,,,12805,2022-10-06 20:16:50
-1,-1,100,100,0:54,0,-1,-1,-1,-1,-1,-1,-1,100,100,100,100,-1,-1,-1,-1,-1,-1,-1,-1,-1,106397,3,,,,,,106,,,,,12805,2022-10-06 20:17:45
-1,-1,100,100,0:57,0,-1,-1,-1,-1,-1,-1,-1,100,100,100,100,-1,-1,-1,-1,-1,-1,-1,-1,-1,106360,1,,,,,,69,,,,,12805,2022-10-06 20:18:44
-1,-1,100,100,0:57,0,-1,-1,-1,-1,-1,-1,-1,100,100,100,100,-1,-1,-1,-1,-1,-1,-1,-1,-1,106473,2,,,,,,182,,,,,12805,2022-10-06 20:19:42
-1,-1,75,75,9:28,0,-1,-1,-1,-1,-1,-1,-1,100,100,100,100,-1,-1,-1,-1,-1,-1,-1,-1,-1,106409,3,,,,,,118,,,,,12807,2022-10-06 20:20:05
-1,-1,100,100,3:52,0,-1,-1,-1,-1,-1,-1,-1,100,100,100,100,-1,-1,-1,-1,-1,-1,-1,-1,-1,106347,1,,,,,,56,,,,,12805,2022-10-06 20:23:41
-1,-1,100,100,4:13,0,-1,-1,-1,-1,-1,-1,-1,100,100,100,100,-1,-1,-1,-1,-1,-1,-1,-1,-1,106446,2,,,,,,155,,,,,12807,2022-10-06 20:24:20
-1,-1,100,100,1:9,0,-1,-1,-1,-1,-1,-1,-1,100,100,100,100,-1,-1,-1,-1,-1,-1,-1,-1,-1,106514,2,,,,,,223,,,,,12805,2022-10-06 20:24:51
-1,-1,100,100,6:49,0,-1,-1,-1,-1,-1,-1,-1,100,100,100,100,-1,-1,-1,-1,-1,-1,-1,-1,-1,106443,2,,,,,,152,,,,,12807,2022-10-06 20:31:11
-1,-1,100,100,9:0,0,-1,-1,-1,-1,-1,-1,-1,100,100,100,100,-1,-1,-1,-1,-1,-1,-1,-1,-1,106440,3,,,,,,149,,,,,12807,2022-10-06 20:40:13
-1,-1,100,100,1:4,0,-1,-1,-1,-1,-1,-1,-1,75,100,100,100,-1,-1,-1,-1,-1,-1,-1,-1,-1,106409,3,,,,,,118,,,,,12805,2022-10-06 20:42:25
-1,-1,100,100,0:33,0,-1,-1,-1,-1,-1,-1,-1,100,100,100,100,-1,-1,-1,-1,-1,-1,-1,-1,-1,106504,2,,,,,,213,,,,,12805,2022-10-06 20:43:00
-1,-1,100,75,9:23,0,-1,-1,-1,-1,-1,-1,-1,75,100,100,100,-1,-1,-1,-1,-1,-1,-1,-1,-1,106353,1,,,,,,62,,,,,12807,2022-10-06 20:49:45
-1,-1,100,100,9:32,0,-1,-1,-1,-1,-1,-1,-1,25,100,100,100,-1,-1,-1,-1,-1,-1,-1,-1,-1,106327,1,,,,,,36,,,,,12805,2022-10-06 20:52:33
-1,-1,100,100,1:53,0,-1,-1,-1,-1,-1,-1,-1,100,100,90,100,-1,-1,-1,-1,-1,-1,-1,-1,-1,106392,3,,,,,,101,,,,,12805,2022-10-06 20:54:27
-1,-1,100,100,2:19,0,-1,-1,-1,-1,-1,-1,-1,75,100,100,100,-1,-1,-1,-1,-1,-1,-1,-1,-1,106413,3,,,,,,122,,,,,12805,2022-10-06 20:56:48
-1,-1,100,100,6:7,0,-1,-1,-1,-1,-1,-1,-1,100,100,90,100,-1,-1,-1,-1,-1,-1,-1,-1,-1,106460,2,,,,,,169,,,,,12805,2022-10-06 21:02:57
-1,-1,100,100,1:9,0,-1,-1,-1,-1,-1,-1,-1,75,100,100,100,-1,-1,-1,-1,-1,-1,-1,-1,-1,106352,1,,,,,,61,,,,,12805,2022-10-06 21:04:08
-1,-1,100,100,0:38,0,-1,-1,-1,-1,-1,-1,-1,100,100,100,100,-1,-1,-1,-1,-1,-1,-1,-1,-1,106501,2,,,,,,210,,,,,12805,2022-10-06 21:04:48
-1,-1,100,100,2:27,0,-1,-1,-1,-1,-1,-1,-1,100,100,100,100,-1,-1,-1,-1,-1,-1,-1,-1,-1,106317,1,,,,,,26,,,,,12805,2022-10-06 21:07:16
-1,-1,100,100,1:24,0,-1,-1,-1,-1,-1,-1,-1,75,75,100,100,-1,-1,-1,-1,-1,-1,-1,-1,-1,106396,3,,,,,,105,,,,,12805,2022-10-06 21:08:41
-1,-1,100,100,1:37,0,-1,-1,-1,-1,-1,-1,-1,50,100,100,100,-1,-1,-1,-1,-1,-1,-1,-1,-1,106422,3,,,,,,131,,,,,12805,2022-10-06 21:10:20
-1,-1,100,100,0:26,0,-1,-1,-1,-1,-1,-1,-1,100,100,100,100,-1,-1,-1,-1,-1,-1,-1,-1,-1,106485,2,,,,,,194,,,,,12805,2022-10-06 21:10:47
The zodiac sign is not mentioned,-1,100,100,11:10,0,-1,-1,-1,-1,-1,-1,-1,75,100,100,100,-1,-1,-1,-1,-1,-1,-1,-1,-1,106365,1,,,,,,74,,,,,12805,2022-10-06 21:21:59
-1,-1,100,100,0:36,0,-1,-1,-1,-1,-1,-1,-1,100,100,100,100,-1,-1,-1,-1,-1,-1,-1,-1,-1,106445,2,,,,,,154,,,,,12805,2022-10-06 21:22:36
-1,-1,100,100,1:34,0,-1,-1,-1,-1,-1,-1,-1,75,100,100,100,-1,-1,-1,-1,-1,-1,-1,-1,-1,106294,1,,,,,,3,,,,,12805,2022-10-06 21:24:12
-1,-1,100,100,1:42,0,-1,-1,-1,-1,-1,-1,-1,100,100,100,50,-1,-1,-1,-1,-1,-1,-1,-1,-1,106386,3,,,,,,95,,,,,12805,2022-10-06 21:25:55
-1,-1,100,100,1:15,0,-1,-1,-1,-1,-1,-1,-1,50,100,100,100,-1,-1,-1,-1,-1,-1,-1,-1,-1,106368,3,,,,,,77,,,,,12805,2022-10-06 21:27:12
-1,-1,100,100,1:45,0,-1,-1,-1,-1,-1,-1,-1,75,100,100,100,-1,-1,-1,-1,-1,-1,-1,-1,-1,106334,1,,,,,,43,,,,,12805,2022-10-06 21:29:27
-1,-1,100,100,0:38,0,-1,-1,-1,-1,-1,-1,-1,100,100,100,100,-1,-1,-1,-1,-1,-1,-1,-1,-1,106516,2,,,,,,225,,,,,12805,2022-10-06 21:30:07
-1,-1,100,100,2:35,0,-1,-1,-1,-1,-1,-1,-1,75,100,100,100,-1,-1,-1,-1,-1,-1,-1,-1,-1,106416,3,,,,,,125,,,,,12805,2022-10-06 21:32:44
-1,-1,100,100,2:50,0,-1,-1,-1,-1,-1,-1,-1,100,100,100,100,-1,-1,-1,-1,-1,-1,-1,-1,-1,106314,1,,,,,,23,,,,,12805,2022-10-06 21:35:36
-1,-1,100,100,1:13,0,-1,-1,-1,-1,-1,-1,-1,100,100,100,100,-1,-1,-1,-1,-1,-1,-1,-1,-1,106456,2,,,,,,165,,,,,12805,2022-10-06 21:36:57
-1,-1,100,100,2:17,0,-1,-1,-1,-1,-1,-1,-1,100,100,100,100,-1,-1,-1,-1,-1,-1,-1,-1,-1,106478,2,,,,,,187,,,,,12805,2022-10-06 21:39:15
-1,-1,100,100,3:5,0,-1,-1,-1,-1,-1,-1,-1,75,100,100,75,-1,-1,-1,-1,-1,-1,-1,-1,-1,106400,3,,,,,,109,,,,,12805,2022-10-06 21:42:22
-1,-1,100,100,2:38,0,-1,-1,-1,-1,-1,-1,-1,75,100,100,100,-1,-1,-1,-1,-1,-1,-1,-1,-1,106355,1,,,,,,64,,,,,12805,2022-10-06 21:45:12
-1,-1,100,100,0:50,0,-1,-1,-1,-1,-1,-1,-1,100,100,100,100,-1,-1,-1,-1,-1,-1,-1,-1,-1,106390,3,,,,,,99,,,,,12805,2022-10-06 21:46:03
-1,-1,100,100,1:15,0,-1,-1,-1,-1,-1,-1,-1,100,100,100,100,-1,-1,-1,-1,-1,-1,-1,-1,-1,106470,2,,,,,,179,,,,,12805,2022-10-06 21:47:19
The zodiac sign is not addressed in the horoscope,-1,100,100,1:42,0,-1,-1,-1,-1,-1,-1,-1,75,100,100,100,-1,-1,-1,-1,-1,-1,-1,-1,-1,106361,1,,,,,,70,,,,,12805,2022-10-06 21:49:07
-1,-1,100,100,0:23,0,-1,-1,-1,-1,-1,-1,-1,75,100,100,100,-1,-1,-1,-1,-1,-1,-1,-1,-1,106458,2,,,,,,167,,,,,12805,2022-10-06 21:49:36
-1,-1,75,100,3:46,0,-1,-1,-1,-1,-1,-1,-1,25,100,100,100,-1,-1,-1,-1,-1,-1,-1,-1,-1,106419,3,,,,,,128,,,,,12805,2022-10-06 22:01:48
-1,-1,100,100,3:9,0,-1,-1,-1,-1,-1,-1,-1,50,100,100,100,-1,-1,-1,-1,-1,-1,-1,-1,-1,106330,1,,,,,,39,,,,,12805,2022-10-06 22:17:48
-1,-1,100,100,1:44,0,-1,-1,-1,-1,-1,-1,-1,75,100,100,100,-1,-1,-1,-1,-1,-1,-1,-1,-1,106332,1,,,,,,41,,,,,12805,2022-10-06 22:19:34
-1,-1,100,100,1:5,0,-1,-1,-1,-1,-1,-1,-1,50,100,100,100,-1,-1,-1,-1,-1,-1,-1,-1,-1,106369,3,,,,,,78,,,,,12805,2022-10-06 22:20:40
-1,-1,100,100,0:35,0,-1,-1,-1,-1,-1,-1,-1,100,100,100,100,-1,-1,-1,-1,-1,-1,-1,-1,-1,106515,2,,,,,,224,,,,,12805,2022-10-06 22:21:17
-1,-1,75,100,1:41,0,-1,-1,-1,-1,-1,-1,-1,50,100,100,100,-1,-1,-1,-1,-1,-1,-1,-1,-1,106324,1,,,,,,33,,,,,12805,2022-10-06 22:23:04
-1,-1,100,100,0:34,0,-1,-1,-1,-1,-1,-1,-1,100,100,100,100,-1,-1,-1,-1,-1,-1,-1,-1,-1,106477,2,,,,,,186,,,,,12805,2022-10-06 22:23:57
-1,-1,100,100,4:6,0,-1,-1,-1,-1,-1,-1,-1,75,100,100,100,-1,-1,-1,-1,-1,-1,-1,-1,-1,106435,3,,,,,,144,,,,,12805,2022-10-06 22:28:04
-1,-1,100,100,0:46,0,-1,-1,-1,-1,-1,-1,-1,100,100,100,100,-1,-1,-1,-1,-1,-1,-1,-1,-1,106399,3,,,,,,108,,,,,12805,2022-10-06 22:28:52
-1,-1,100,100,0:32,0,-1,-1,-1,-1,-1,-1,-1,100,100,100,100,-1,-1,-1,-1,-1,-1,-1,-1,-1,106448,2,,,,,,157,,,,,12805,2022-10-06 22:29:25
-1,-1,100,100,0:50,0,-1,-1,-1,-1,-1,-1,-1,75,100,100,100,-1,-1,-1,-1,-1,-1,-1,-1,-1,106357,1,,,,,,66,,,,,12805,2022-10-06 22:30:30
-1,-1,100,100,2:14,0,-1,-1,-1,-1,-1,-1,-1,100,100,100,100,-1,-1,-1,-1,-1,-1,-1,-1,-1,106339,1,,,,,,48,,,,,12805,2022-10-06 22:32:50
-1,-1,100,100,2:45,0,-1,-1,-1,-1,-1,-1,-1,50,100,100,100,-1,-1,-1,-1,-1,-1,-1,-1,-1,106425,3,,,,,,134,,,,,12805,2022-10-06 22:35:37
-1,-1,100,100,0:58,0,-1,-1,-1,-1,-1,-1,-1,100,100,100,100,-1,-1,-1,-1,-1,-1,-1,-1,-1,106471,2,,,,,,180,,,,,12805,2022-10-06 22:36:36
-1,-1,100,100,2:0,0,-1,-1,-1,-1,-1,-1,-1,50,100,100,100,-1,-1,-1,-1,-1,-1,-1,-1,-1,106373,3,,,,,,82,,,,,12805,2022-10-06 22:38:37
-1,-1,100,100,0:39,0,-1,-1,-1,-1,-1,-1,-1,100,100,100,100,-1,-1,-1,-1,-1,-1,-1,-1,-1,106480,2,,,,,,189,,,,,12805,2022-10-06 22:39:17
-1,-1,75,100,4:43,0,-1,-1,-1,-1,-1,-1,-1,50,100,100,100,-1,-1,-1,-1,-1,-1,-1,-1,-1,106295,1,,,,,,4,,,,,12805,2022-10-06 22:44:08
-1,-1,100,100,0:52,0,-1,-1,-1,-1,-1,-1,-1,50,100,100,100,-1,-1,-1,-1,-1,-1,-1,-1,-1,106436,3,,,,,,145,,,,,12805,2022-10-06 22:45:02
-1,-1,100,100,12:4,0,-1,-1,-1,-1,-1,-1,-1,100,100,100,100,-1,-1,-1,-1,-1,-1,-1,-1,-1,106491,2,,,,,,200,,,,,12805,2022-10-06 22:57:08
-1,-1,100,75,1:18,0,-1,-1,-1,-1,-1,-1,-1,75,100,90,100,-1,-1,-1,-1,-1,-1,-1,-1,-1,106325,1,,,,,,34,,,,,12805,2022-10-06 22:58:43
-1,-1,100,100,0:46,0,-1,-1,-1,-1,-1,-1,-1,100,100,100,100,-1,-1,-1,-1,-1,-1,-1,-1,-1,106447,2,,,,,,156,,,,,12805,2022-10-06 22:59:37
-1,-1,75,100,1:56,0,-1,-1,-1,-1,-1,-1,-1,75,100,100,100,-1,-1,-1,-1,-1,-1,-1,-1,-1,106344,1,,,,,,53,,,,,12805,2022-10-06 23:01:34
Wrong zodiac sign is explored,-1,75,100,2:38,0,-1,-1,-1,-1,-1,-1,-1,0,100,100,100,-1,-1,-1,-1,-1,-1,-1,-1,-1,106404,3,,,,,,113,,,,,12805,2022-10-06 23:04:14
Thema verfehlt. Es  sollte work sein,-1,75,75,17:2,1,-1,-1,-1,-1,-1,-1,-1,0,75,100,100,-1,-1,-1,-1,-1,-1,-1,-1,-1,106302,1,,,,,,11,,,,,12806,2022-10-07 17:45:11
Gut formuliert;  dem Thema entsprechend eine passende Wortwahl genutzt,-1,100,100,10:5,1,-1,-1,-1,-1,-1,-1,-1,100,75,100,100,-1,-1,-1,-1,-1,-1,-1,-1,-1,106483,2,,,,,,192,,,,,12806,2022-10-07 17:55:17
Wiederholung: when to go on dates and where to go on dates Text ist geteilt&comma; nur der 2. Teil betrifft das geforderte Sternzeichen (Taurus). Der 1. Teil zu aries,-1,100,50,18:57,1,-1,-1,-1,-1,-1,-1,-1,50,50,100,50,-1,-1,-1,-1,-1,-1,-1,-1,-1,106415,3,,,,,,124,,,,,12806,2022-10-07 18:14:21
-1,-1,75,75,12:40,1,-1,-1,-1,-1,-1,-1,-1,100,75,100,100,-1,-1,-1,-1,-1,-1,-1,-1,-1,106354,1,,,,,,63,,,,,12806,2022-10-07 18:27:02
-1,-1,100,75,8:55,0,-1,-1,-1,-1,-1,-1,-1,100,100,100,-1,-1,-1,-1,-1,-1,-1,-1,-1,-1,106453,2,,,,,,162,,,,,12806,2022-10-07 18:35:58
Aussageabsicht des Textes nicht gut nachvollziehbar. Teilweise zu lange Sätze.  Es wird mehrfach versch. Sternenkonstellationen (neben dem&comma; das bei  „Input“ steht ) und Planeten genannt&comma;  die das Textverständnis erschweren bis hin zu irritieren,-1,50,50,22:49,0,-1,-1,-1,-1,-1,-1,-1,75,50,90,100,-1,-1,-1,-1,-1,-1,-1,-1,-1,106315,1,,,,,,24,,,,,12806,2022-10-07 18:58:49
Durch Verweise auf andere Sternenkonstellationen  u. Sternzeichen unübersichtlich,-1,75,50,11:37,0,-1,-1,-1,-1,-1,-1,-1,50,50,70,75,-1,-1,-1,-1,-1,-1,-1,-1,-1,106381,3,,,,,,90,,,,,12806,2022-10-07 19:10:27
Thema des Textes eher soziales Umfeld,-1,75,75,11:33,0,-1,-1,-1,-1,-1,-1,-1,25,75,70,100,-1,-1,-1,-1,-1,-1,-1,-1,-1,106378,3,,,,,,87,,,,,12806,2022-10-07 19:22:02
Es werden eigentlich fast nur Sonntag und Montag thematisiert.Gute Wortwahl und gut formuliert,-1,75,100,23:9,0,-1,-1,-1,-1,-1,-1,-1,100,100,100,100,-1,-1,-1,-1,-1,-1,-1,-1,-1,106343,1,,,,,,52,,,,,12806,2022-10-07 19:45:12
-1,-1,100,75,11:22,0,-1,-1,-1,-1,-1,-1,-1,100,100,100,100,-1,-1,-1,-1,-1,-1,-1,-1,-1,106442,2,,,,,,151,,,,,12806,2022-10-07 19:56:35
Thema wäre eher Freizeit ,-1,100,75,12:4,0,-1,-1,-1,-1,-1,-1,-1,25,100,100,100,-1,-1,-1,-1,-1,-1,-1,-1,-1,106362,1,,,,,,71,,,,,12806,2022-10-07 20:08:41
-1,-1,100,100,0:46,1,-1,-1,-1,-1,-1,-1,-1,100,100,100,100,-1,-1,-1,-1,-1,-1,-1,-1,-1,106472,2,,,,,,181,,,,,12805,2022-10-07 20:19:12
Mit Überschrift,-1,100,75,7:6,1,-1,-1,-1,-1,-1,-1,-1,100,50,100,100,-1,-1,-1,-1,-1,-1,-1,-1,-1,106441,3,,,,,,150,,,,,12806,2022-10-07 20:21:19
-1,-1,100,100,3:42,1,-1,-1,-1,-1,-1,-1,-1,75,100,100,100,-1,-1,-1,-1,-1,-1,-1,-1,-1,106441,3,,,,,,150,,,,,12805,2022-10-07 20:22:56
Gute Wortwahl,-1,100,100,6:31,1,-1,-1,-1,-1,-1,-1,-1,100,100,100,100,-1,-1,-1,-1,-1,-1,-1,-1,-1,106506,2,,,,,,215,,,,,12806,2022-10-07 20:28:09
-1,-1,100,100,7:36,1,-1,-1,-1,-1,-1,-1,-1,0,100,100,100,-1,-1,-1,-1,-1,-1,-1,-1,-1,106326,1,,,,,,35,,,,,12805,2022-10-07 20:30:34
-1,-1,100,75,7:48,1,-1,-1,-1,-1,-1,-1,-1,100,100,90,100,-1,-1,-1,-1,-1,-1,-1,-1,-1,106468,2,,,,,,177,,,,,12806,2022-10-07 20:35:58
The text reads more like a fortune telling than astrology,-1,100,100,4:19,1,-1,-1,-1,-1,-1,-1,-1,75,100,100,100,-1,-1,-1,-1,-1,-1,-1,-1,-1,106426,3,,,,,,135,,,,,12805,2022-10-07 20:41:28
-1,-1,100,100,0:51,0,-1,-1,-1,-1,-1,-1,-1,100,100,100,100,-1,-1,-1,-1,-1,-1,-1,-1,-1,106455,2,,,,,,164,,,,,12805,2022-10-07 20:42:20
Kommentierende Instanz bezeichnet sich als „I“,-1,75,75,6:23,1,-1,-1,-1,-1,-1,-1,-1,100,100,90,100,-1,-1,-1,-1,-1,-1,-1,-1,-1,106426,3,,,,,,135,,,,,12806,2022-10-07 20:42:28
Gut formuliert;  dem Thema entsprechend eine passende und gute Wortwahl genutzt,-1,100,100,11:1,0,-1,-1,-1,-1,-1,-1,-1,100,100,100,100,-1,-1,-1,-1,-1,-1,-1,-1,-1,106333,1,,,,,,42,,,,,12806,2022-10-07 20:54:05
dem Thema entsprechend eine passende Wortwahl genutzt,-1,100,50,10:28,0,-1,-1,-1,-1,-1,-1,-1,100,50,100,100,-1,-1,-1,-1,-1,-1,-1,-1,-1,106497,2,,,,,,206,,,,,12806,2022-10-07 21:04:39
-1,-1,100,75,9:36,0,-1,-1,-1,-1,-1,-1,-1,100,100,100,100,-1,-1,-1,-1,-1,-1,-1,-1,-1,106360,1,,,,,,69,,,,,12806,2022-10-07 21:14:16
-1,-1,75,75,9:43,0,-1,-1,-1,-1,-1,-1,-1,100,25,100,100,-1,-1,-1,-1,-1,-1,-1,-1,-1,106397,3,,,,,,106,,,,,12806,2022-10-07 21:24:06
-1,-1,100,75,5:40,0,-1,-1,-1,-1,-1,-1,-1,100,75,90,100,-1,-1,-1,-1,-1,-1,-1,-1,-1,106416,3,,,,,,125,,,,,12806,2022-10-07 21:29:47
-1,-1,100,50,7:9,0,-1,-1,-1,-1,-1,-1,-1,100,100,100,100,-1,-1,-1,-1,-1,-1,-1,-1,-1,106464,2,,,,,,173,,,,,12806,2022-10-07 21:36:58
Text endet mit: Trust me,-1,100,75,7:31,0,-1,-1,-1,-1,-1,-1,-1,100,75,100,100,-1,-1,-1,-1,-1,-1,-1,-1,-1,106357,1,,,,,,66,,,,,12806,2022-10-07 21:44:55
-1,-1,100,100,8:9,0,-1,-1,-1,-1,-1,-1,-1,100,50,100,100,-1,-1,-1,-1,-1,-1,-1,-1,-1,106470,2,,,,,,179,,,,,12806,2022-10-07 21:53:08
Inhalt wird im Text explizit als  zutreffend für Liebe und/ oder Geld ausgewiesen.Eine lebendige Sprache  wird genutzt,-1,100,100,11:38,0,-1,-1,-1,-1,-1,-1,-1,75,75,100,100,-1,-1,-1,-1,-1,-1,-1,-1,-1,106329,1,,,,,,38,,,,,12806,2022-10-07 22:04:50
Teilweise auch work thematisiert.Zu lange Sätze,-1,75,50,16:29,0,-1,-1,-1,-1,-1,-1,-1,50,75,100,100,-1,-1,-1,-1,-1,-1,-1,-1,-1,106420,3,,,,,,129,,,,,12806,2022-10-07 22:21:34
-1,-1,100,100,2:38,1,-1,-1,-1,-1,-1,-1,-1,75,100,100,100,-1,-1,-1,-1,-1,-1,-1,-1,-1,106297,1,,,,,,6,,,,,12805,2022-10-10 16:02:51
-1,-1,100,100,1:13,1,-1,-1,-1,-1,-1,-1,-1,100,100,90,100,-1,-1,-1,-1,-1,-1,-1,-1,-1,106466,2,,,,,,175,,,,,12805,2022-10-10 16:04:06
-1,-1,75,100,2:3,1,-1,-1,-1,-1,-1,-1,-1,50,100,100,100,-1,-1,-1,-1,-1,-1,-1,-1,-1,106301,1,,,,,,10,,,,,12805,2022-10-10 16:15:31
-1,-1,75,50,4:33,1,-1,-1,-1,-1,-1,-1,-1,50,75,70,75,-1,-1,-1,-1,-1,-1,-1,-1,-1,106374,3,,,,,,83,,,,,12805,2022-10-10 17:47:33
-1,-1,100,100,0:51,1,-1,-1,-1,-1,-1,-1,-1,75,100,100,100,-1,-1,-1,-1,-1,-1,-1,-1,-1,106459,2,,,,,,168,,,,,12805,2022-10-10 17:48:26
-1,-1,100,100,1:14,1,-1,-1,-1,-1,-1,-1,-1,100,100,100,100,-1,-1,-1,-1,-1,-1,-1,-1,-1,106421,3,,,,,,130,,,,,12805,2022-10-10 17:49:45
Chronological error,-1,75,100,3:9,1,-1,-1,-1,-1,-1,-1,-1,100,100,100,100,-1,-1,-1,-1,-1,-1,-1,-1,-1,106321,1,,,,,,30,,,,,12805,2022-10-10 17:53:18
-1,-1,100,100,0:31,0,-1,-1,-1,-1,-1,-1,-1,100,100,100,100,-1,-1,-1,-1,-1,-1,-1,-1,-1,106494,2,,,,,,203,,,,,12805,2022-10-10 17:53:57
Not meant for the zodiac sign in the prompt. Instead&comma; three different signs are briefly covered,-1,25,100,2:37,0,-1,-1,-1,-1,-1,-1,-1,0,100,100,0,-1,-1,-1,-1,-1,-1,-1,-1,-1,106428,3,,,,,,137,,,,,12805,2022-10-10 17:56:36
-1,-1,100,100,3:25,0,-1,-1,-1,-1,-1,-1,-1,100,100,100,100,-1,-1,-1,-1,-1,-1,-1,-1,-1,106308,1,,,,,,17,,,,,12805,2022-10-10 18:00:02
-1,-1,100,100,1:38,0,-1,-1,-1,-1,-1,-1,-1,100,100,100,100,-1,-1,-1,-1,-1,-1,-1,-1,-1,106310,1,,,,,,19,,,,,12805,2022-10-10 18:01:57
-1,-1,100,100,0:40,0,-1,-1,-1,-1,-1,-1,-1,100,100,100,100,-1,-1,-1,-1,-1,-1,-1,-1,-1,106489,2,,,,,,198,,,,,12805,2022-10-10 18:02:39
-1,-1,100,100,1:22,0,-1,-1,-1,-1,-1,-1,-1,75,100,100,75,-1,-1,-1,-1,-1,-1,-1,-1,-1,106427,3,,,,,,136,,,,,12805,2022-10-10 18:04:02
-1,-1,100,100,2:4,0,-1,-1,-1,-1,-1,-1,-1,100,100,100,100,-1,-1,-1,-1,-1,-1,-1,-1,-1,106484,2,,,,,,193,,,,,12805,2022-10-10 18:06:08
-1,-1,100,100,5:14,0,-1,-1,-1,-1,-1,-1,-1,100,100,100,100,-1,-1,-1,-1,-1,-1,-1,-1,-1,106340,1,,,,,,49,,,,,12805,2022-10-10 18:11:23
-1,-1,100,100,1:47,0,-1,-1,-1,-1,-1,-1,-1,100,100,100,100,-1,-1,-1,-1,-1,-1,-1,-1,-1,106387,3,,,,,,96,,,,,12805,2022-10-10 18:13:23
-1,-1,100,100,0:28,0,-1,-1,-1,-1,-1,-1,-1,75,100,100,75,-1,-1,-1,-1,-1,-1,-1,-1,-1,106502,2,,,,,,211,,,,,12805,2022-10-10 18:13:53
Written for two different signs,-1,50,100,2:11,0,-1,-1,-1,-1,-1,-1,-1,25,100,100,25,-1,-1,-1,-1,-1,-1,-1,-1,-1,106415,3,,,,,,124,,,,,12805,2022-10-10 18:16:05
-1,-1,75,100,3:19,0,-1,-1,-1,-1,-1,-1,-1,75,100,100,100,-1,-1,-1,-1,-1,-1,-1,-1,-1,106300,1,,,,,,9,,,,,12805,2022-10-10 18:19:34
-1,-1,100,100,1:22,0,-1,-1,-1,-1,-1,-1,-1,100,100,100,100,-1,-1,-1,-1,-1,-1,-1,-1,-1,106446,2,,,,,,155,,,,,12805,2022-10-10 18:20:58
-1,-1,75,100,2:18,0,-1,-1,-1,-1,-1,-1,-1,50,100,90,50,-1,-1,-1,-1,-1,-1,-1,-1,-1,106381,3,,,,,,90,,,,,12805,2022-10-10 18:23:27
-1,-1,75,100,1:57,1,-1,-1,-1,-1,-1,-1,-1,100,100,100,100,-1,-1,-1,-1,-1,-1,-1,-1,-1,106313,1,,,,,,22,,,,,12805,2022-10-10 19:27:32
-1,-1,100,100,1:11,1,-1,-1,-1,-1,-1,-1,-1,100,100,100,100,-1,-1,-1,-1,-1,-1,-1,-1,-1,106510,2,,,,,,219,,,,,12805,2022-10-10 19:28:44
-1,-1,75,75,1:55,1,-1,-1,-1,-1,-1,-1,-1,75,75,90,50,-1,-1,-1,-1,-1,-1,-1,-1,-1,106403,3,,,,,,112,,,,,12805,2022-10-10 19:30:41
-1,-1,75,100,14:16,1,-1,-1,-1,-1,-1,-1,-1,100,100,100,100,-1,-1,-1,-1,-1,-1,-1,-1,-1,106337,1,,,,,,46,,,,,12805,2022-10-10 19:44:59
-1,-1,100,100,1:2,0,-1,-1,-1,-1,-1,-1,-1,100,100,100,100,-1,-1,-1,-1,-1,-1,-1,-1,-1,106464,2,,,,,,173,,,,,12805,2022-10-10 20:39:27
-1,-1,100,100,1:22,0,-1,-1,-1,-1,-1,-1,-1,100,100,100,100,-1,-1,-1,-1,-1,-1,-1,-1,-1,106411,3,,,,,,120,,,,,12805,2022-10-10 20:40:55
-1,-1,100,100,2:22,0,-1,-1,-1,-1,-1,-1,-1,100,100,100,100,-1,-1,-1,-1,-1,-1,-1,-1,-1,106318,1,,,,,,27,,,,,12805,2022-10-10 20:43:18
-1,-1,100,100,0:34,0,-1,-1,-1,-1,-1,-1,-1,100,100,100,100,-1,-1,-1,-1,-1,-1,-1,-1,-1,106503,2,,,,,,212,,,,,12805,2022-10-10 20:43:53
-1,-1,100,100,1:32,0,-1,-1,-1,-1,-1,-1,-1,100,100,100,100,-1,-1,-1,-1,-1,-1,-1,-1,-1,106388,3,,,,,,97,,,,,12805,2022-10-10 20:45:27
-1,-1,50,100,3:21,0,-1,-1,-1,-1,-1,-1,-1,25,100,100,75,-1,-1,-1,-1,-1,-1,-1,-1,-1,106302,1,,,,,,11,,,,,12805,2022-10-10 20:48:50
-1,-1,75,100,1:36,0,-1,-1,-1,-1,-1,-1,-1,100,100,90,100,-1,-1,-1,-1,-1,-1,-1,-1,-1,106394,3,,,,,,103,,,,,12805,2022-10-10 20:50:27
-1,-1,75,100,2:23,0,-1,-1,-1,-1,-1,-1,-1,75,100,100,75,-1,-1,-1,-1,-1,-1,-1,-1,-1,106338,1,,,,,,47,,,,,12805,2022-10-10 20:52:52
-1,-1,100,100,0:48,0,-1,-1,-1,-1,-1,-1,-1,100,100,100,100,-1,-1,-1,-1,-1,-1,-1,-1,-1,106487,2,,,,,,196,,,,,12805,2022-10-10 20:53:41
-1,-1,100,100,0:55,0,-1,-1,-1,-1,-1,-1,-1,100,100,100,100,-1,-1,-1,-1,-1,-1,-1,-1,-1,106430,3,,,,,,139,,,,,12805,2022-10-10 20:54:38
-1,-1,100,100,0:43,0,-1,-1,-1,-1,-1,-1,-1,100,100,100,100,-1,-1,-1,-1,-1,-1,-1,-1,-1,106467,2,,,,,,176,,,,,12805,2022-10-10 20:55:22
-1,-1,100,100,1:5,0,-1,-1,-1,-1,-1,-1,-1,100,100,100,100,-1,-1,-1,-1,-1,-1,-1,-1,-1,106311,1,,,,,,20,,,,,12805,2022-10-10 20:56:29
-1,-1,100,100,0:23,0,-1,-1,-1,-1,-1,-1,-1,100,100,100,100,-1,-1,-1,-1,-1,-1,-1,-1,-1,106506,2,,,,,,215,,,,,12805,2022-10-10 20:56:53
-1,-1,75,100,1:1,0,-1,-1,-1,-1,-1,-1,-1,50,100,100,75,-1,-1,-1,-1,-1,-1,-1,-1,-1,106362,1,,,,,,71,,,,,12805,2022-10-10 20:57:56
-1,-1,100,100,1:15,0,-1,-1,-1,-1,-1,-1,-1,50,100,100,100,-1,-1,-1,-1,-1,-1,-1,-1,-1,106410,3,,,,,,119,,,,,12805,2022-10-10 20:59:17
-1,-1,100,100,0:21,0,-1,-1,-1,-1,-1,-1,-1,100,100,100,100,-1,-1,-1,-1,-1,-1,-1,-1,-1,106443,2,,,,,,152,,,,,12805,2022-10-10 20:59:44
-1,-1,100,100,1:49,0,-1,-1,-1,-1,-1,-1,-1,75,100,100,75,-1,-1,-1,-1,-1,-1,-1,-1,-1,106389,3,,,,,,98,,,,,12805,2022-10-10 21:01:41
-1,-1,100,100,1:1,0,-1,-1,-1,-1,-1,-1,-1,100,100,100,100,-1,-1,-1,-1,-1,-1,-1,-1,-1,106309,1,,,,,,18,,,,,12805,2022-10-10 21:02:59
-1,-1,100,100,0:30,0,-1,-1,-1,-1,-1,-1,-1,100,100,100,100,-1,-1,-1,-1,-1,-1,-1,-1,-1,106509,2,,,,,,218,,,,,12805,2022-10-10 21:03:31
-1,-1,100,100,0:27,0,-1,-1,-1,-1,-1,-1,-1,100,100,100,100,-1,-1,-1,-1,-1,-1,-1,-1,-1,106429,3,,,,,,138,,,,,12805,2022-10-10 21:04:00
-1,-1,100,100,0:47,0,-1,-1,-1,-1,-1,-1,-1,75,100,100,75,-1,-1,-1,-1,-1,-1,-1,-1,-1,106359,1,,,,,,68,,,,,12805,2022-10-10 21:04:48
-1,-1,100,100,0:26,0,-1,-1,-1,-1,-1,-1,-1,100,100,100,100,-1,-1,-1,-1,-1,-1,-1,-1,-1,106444,2,,,,,,153,,,,,12805,2022-10-10 21:05:16
-1,-1,75,75,7:24,1,-1,-1,-1,-1,-1,-1,-1,100,100,100,100,-1,-1,-1,-1,-1,-1,-1,-1,-1,106348,1,,,,,,57,,,,,12807,2022-10-11 10:22:27
&quot;Your confidence&quot; written with no space inbetween: &quot;Yourconfidence&quot,-1,100,100,11:29,1,-1,-1,-1,-1,-1,-1,-1,100,100,90,100,-1,-1,-1,-1,-1,-1,-1,-1,-1,106460,2,,,,,,169,,,,,12807,2022-10-11 10:33:57
-1,-1,75,100,10:40,1,-1,-1,-1,-1,-1,-1,-1,25,100,100,100,-1,-1,-1,-1,-1,-1,-1,-1,-1,106425,3,,,,,,134,,,,,12807,2022-10-11 10:44:39
-1,-1,100,75,8:42,1,-1,-1,-1,-1,-1,-1,-1,100,100,100,100,-1,-1,-1,-1,-1,-1,-1,-1,-1,106347,1,,,,,,56,,,,,12807,2022-10-11 11:06:43
-1,-1,75,75,27:30,0,-1,-1,-1,-1,-1,-1,-1,100,100,100,100,-1,-1,-1,-1,-1,-1,-1,-1,-1,106394,3,,,,,,103,,,,,12807,2022-10-11 11:34:14
-1,-1,100,100,20:44,0,-1,-1,-1,-1,-1,-1,-1,100,100,100,100,-1,-1,-1,-1,-1,-1,-1,-1,-1,106488,2,,,,,,197,,,,,12807,2022-10-11 11:55:00
-1,-1,75,75,12:52,0,-1,-1,-1,-1,-1,-1,-1,75,100,100,100,-1,-1,-1,-1,-1,-1,-1,-1,-1,106311,1,,,,,,20,,,,,12807,2022-10-11 12:07:54
-1,-1,100,100,10:19,0,-1,-1,-1,-1,-1,-1,-1,100,100,100,100,-1,-1,-1,-1,-1,-1,-1,-1,-1,106500,2,,,,,,209,,,,,12807,2022-10-11 12:18:16
-1,-1,75,100,10:23,0,-1,-1,-1,-1,-1,-1,-1,75,100,100,100,-1,-1,-1,-1,-1,-1,-1,-1,-1,106370,3,,,,,,79,,,,,12807,2022-10-11 12:28:40
-1,-1,100,100,11:59,0,-1,-1,-1,-1,-1,-1,-1,75,100,100,100,-1,-1,-1,-1,-1,-1,-1,-1,-1,106423,3,,,,,,132,,,,,12807,2022-10-11 12:40:41
-1,-1,100,100,11:54,0,-1,-1,-1,-1,-1,-1,-1,100,100,90,100,-1,-1,-1,-1,-1,-1,-1,-1,-1,106487,2,,,,,,196,,,,,12807,2022-10-11 12:52:37
-1,-1,75,100,14:0,0,-1,-1,-1,-1,-1,-1,-1,75,100,100,100,-1,-1,-1,-1,-1,-1,-1,-1,-1,106300,1,,,,,,9,,,,,12807,2022-10-11 13:06:39
-1,-1,100,100,17:35,0,-1,-1,-1,-1,-1,-1,-1,100,100,100,100,-1,-1,-1,-1,-1,-1,-1,-1,-1,106499,2,,,,,,208,,,,,12807,2022-10-11 13:24:15
-1,-1,100,75,11:9,0,-1,-1,-1,-1,-1,-1,-1,100,100,100,100,-1,-1,-1,-1,-1,-1,-1,-1,-1,106439,3,,,,,,148,,,,,12807,2022-10-11 13:35:26
-1,-1,75,75,8:33,0,-1,-1,-1,-1,-1,-1,-1,100,100,100,100,-1,-1,-1,-1,-1,-1,-1,-1,-1,106354,1,,,,,,63,,,,,12807,2022-10-11 13:44:01
In Input&comma; the zodiac is &quot;Capricorn&comma;&quot; but the Output consists of a text with &quot;Pisces&quot; written underneath,-1,100,75,14:14,0,-1,-1,-1,-1,-1,-1,-1,100,100,80,75,-1,-1,-1,-1,-1,-1,-1,-1,-1,106403,3,,,,,,112,,,,,12807,2022-10-11 13:58:18
-1,-1,75,100,12:57,0,-1,-1,-1,-1,-1,-1,-1,100,100,100,100,-1,-1,-1,-1,-1,-1,-1,-1,-1,106351,1,,,,,,60,,,,,12807,2022-10-11 14:11:17
-1,-1,100,100,18:36,0,-1,-1,-1,-1,-1,-1,-1,100,100,100,100,-1,-1,-1,-1,-1,-1,-1,-1,-1,106472,2,,,,,,181,,,,,12807,2022-10-11 14:29:55
-1,-1,100,100,7:40,0,-1,-1,-1,-1,-1,-1,-1,100,100,100,100,-1,-1,-1,-1,-1,-1,-1,-1,-1,106504,2,,,,,,213,,,,,12807,2022-10-11 14:37:36
-1,-1,100,75,17:35,0,-1,-1,-1,-1,-1,-1,-1,100,100,100,100,-1,-1,-1,-1,-1,-1,-1,-1,-1,106355,1,,,,,,64,,,,,12807,2022-10-11 14:55:14
-1,-1,100,100,13:47,0,-1,-1,-1,-1,-1,-1,-1,100,100,100,100,-1,-1,-1,-1,-1,-1,-1,-1,-1,106417,3,,,,,,126,,,,,12807,2022-10-11 15:09:03
-1,-1,100,100,20:12,0,-1,-1,-1,-1,-1,-1,-1,100,100,100,100,-1,-1,-1,-1,-1,-1,-1,-1,-1,106444,2,,,,,,153,,,,,12807,2022-10-11 15:29:17
